741012,273123,NULL,16345,NULL,2025-07-21 17:44:35.613,maman,738422,NULL,[pclick padj debug] UMV2 without countmodelids,NULL,|maman|kawe|,,|Click Prediction|,NULL,1,13855274,NULL,0,NULL,0,0,NULL,NULL,0
738422,272389,NULL,16345,NULL,2025-07-09 22:26:14.560,maman,553090,NULL,[pclick padj pgc][UMV2] Debug,NULL,|maman|kawe|,,|Ads Plus|,NULL,1,13829907,NULL,0,NULL,0,0,NULL,NULL,0
741016,273127,NULL,17501,NULL,2025-07-21 17:58:49.590,zljovesk,735397,NULL,[TG1326] Global QBAR with priority 300,NULL,|zljovesk|xiaowenzong|,,|RAP|,NULL,1,13855290,NULL,0,NULL,0,0,NULL,NULL,0
721636,266116,NULL,17501,NULL,2025-04-18 22:08:24.600,chtakeh,669933,NULL,"Default reserve for traffic group 1326, line AdsFLN0",Bing Mobile HiFi EN_US - Reserve Flight,|chtakeh|,|No-AutoRevert|,|Mobile|,NULL,1,13641823,NULL,0,NULL,0,0,NULL,NULL,0
741015,273126,NULL,17484,NULL,2025-07-21 17:58:18.483,zljovesk,735396,NULL,[TG1325] Global QBAR with priority 300,NULL,|zljovesk|xiaowenzong|,,|RAP|,NULL,1,13855286,NULL,0,NULL,0,0,NULL,NULL,0
721444,266027,NULL,17484,NULL,2025-04-18 05:22:48.660,chtakeh,210262,NULL,"Default reserve for traffic group 1325, line AdsFLN0",[March] Primary Untied Traffic Reserve - Low MA (EN-US Bing O&O PC),|chtakeh|,|Keep Active|Mainstream|No-AutoRevert|,|Marketplace|,NULL,1,13639740,NULL,0,NULL,0,0,NULL,NULL,0
741014,273125,NULL,17227,NULL,2025-07-21 17:57:44.210,zljovesk,683606,NULL,[TG1300] Global QBAR with priority 300,NULL,|zljovesk|xiaowenzong|,,|RAP|,NULL,1,13855282,NULL,0,NULL,0,0,NULL,NULL,0
662744,246761,NULL,17227,NULL,2024-09-07 04:28:03.573,anuradhn,NULL,NULL,"Default reserve for traffic group 1300, line AdsFLN0",Bing Mobile HiFi EN_US - Reserve Flight,|anuradhn|,|No-AutoRevert|,|Mobile|,NULL,1,13106981,NULL,0,NULL,0,0,NULL,NULL,0
741013,273124,NULL,17209,NULL,2025-07-21 17:57:08.923,zljovesk,683602,NULL,[TG1299] Global QBAR with priority 300,NULL,|zljovesk|xiaowenzong|,,|RAP|,NULL,1,13855278,NULL,0,NULL,0,0,NULL,NULL,0
662708,246725,NULL,17209,NULL,2024-09-07 04:20:04.710,anuradhn,NULL,NULL,"Default reserve for traffic group 1299, line AdsFLN0",[March] Primary Untied Traffic Reserve - Low MA (EN-US Bing O&O PC),|anuradhn|,|Keep Active|Mainstream|No-AutoRevert|,|Marketplace|,NULL,1,13106872,NULL,0,NULL,0,0,NULL,NULL,0
741018,270864,B-294634,7830,NULL,2025-07-21 18:08:59.930,rkshatriya,417884,741017,[Holdout] IDP tied flight for IRP DR -50% QBAR 40408 B-294634,IDP tied flight treatment for IRP DR -50% QBAR 40408 B-294633,|qul|rkshatriya|anuradhn|sanjaypr|,,|Product Ads|,NULL,1,13855299,NULL,0,NULL,0,0,NULL,NULL,0
741017,270864,B-294634,7830,NULL,2025-07-21 18:07:48.237,rkshatriya,417884,734105,[Holdout] IDP tied flight control for IRP DR -50% QBAR 40408 B-294634,IDP tied flight treatment for IRP DR -50% QBAR 40408 B-294633,|qul|rkshatriya|anuradhn|sanjaypr|,,|Product Ads|,NULL,1,13855295,NULL,0,NULL,0,0,NULL,NULL,0
734105,270864,B-294634,7830,NULL,2025-06-18 22:13:17.993,anuradhn,417884,734104,IDP tied flight control for IRP DR -50% QBAR 40408 B-294634,IDP tied flight treatment for IRP DR -50% QBAR 40408 B-294633,|qul|rkshatriya|anuradhn|sanjaypr|,,|Product Ads|,NULL,1,13782946,NULL,0,NULL,0,0,NULL,NULL,0
734104,270864,B-294634,7830,NULL,2025-06-18 22:12:53.177,anuradhn,417884,733990,IDP tied flight control for IRP DR -50% QBAR 40408 B-294633,IDP tied flight treatment for IRP DR -50% QBAR 40408 B-294633,|qul|rkshatriya|anuradhn|sanjaypr|,,|Product Ads|,NULL,1,13782944,NULL,0,NULL,0,0,NULL,NULL,0
733990,270864,294634,7830,NULL,2025-06-18 00:05:44.450,qul,417884,NULL,IDP tied flight control for IRP DR -50% QBAR 40408 B-294633,IDP tied flight treatment for IRP DR -50% QBAR 40408 B-294633,|qul|rkshatriya|anuradhn|sanjaypr|,,|Product Ads|,NULL,1,13781269,NULL,0,NULL,0,0,NULL,NULL,0
739645,272769,NULL,17053,NULL,2025-07-16 20:59:16.053,acitraro,652911,NULL,EnableTTCatInMediationBag 1098 UberV2,NULL,|acitraro|zhyin|,,|Native Ads|,NULL,1,13843712,NULL,0,NULL,0,0,NULL,NULL,0
636860,237654,NULL,17053,NULL,2024-05-30 02:42:28.020,lineAdsFLN_UberV2-Nativebootstrap,NULL,NULL,Reserve Flight for TG 0- [AdsFLN_UberV2]- [AdsFLN_UberV2]- [AdsFLN_UberV2],bootstrapped flight on AdsFLN_UberV2,|anuradhn|vborra|,NULL,|Marketplace|,NULL,1,12866552,NULL,0,NULL,0,0,NULL,NULL,0
730056,269311,NULL,8502,NULL,2025-05-28 06:05:46.457,anshulmittal,655133,NULL,[APAC][FLN17] BiDR 64p64 [v3],NULL,|anshulmittal|lakshyakumar|,|Selection|,|Selection|,NULL,1,13734187,NULL,0,NULL,0,0,NULL,NULL,0
730055,269310,NULL,8502,NULL,2025-05-28 06:05:36.867,anshulmittal,655133,NULL,[APAC][FLN17] BiDR 64p64 [v2],NULL,|anshulmittal|lakshyakumar|,|Selection|,|Selection|,NULL,1,13734184,NULL,0,NULL,0,0,NULL,NULL,0
730054,269309,NULL,8502,NULL,2025-05-28 06:05:26.640,anshulmittal,655133,NULL,[APAC][FLN17] BiDR 64p64 [v1],NULL,|anshulmittal|lakshyakumar|,|Selection|,|Selection|,NULL,1,13734181,NULL,0,NULL,0,0,NULL,NULL,0
655117,79159,NULL,8502,NULL,2024-08-07 04:55:23.500,nagarkar,NULL,199292,APAC - Bing Reserve- [AdsFLN17],bootstrapped flight on AdsFLN17,|anuradhn|vborra|,,|Marketplace|,NULL,1,13032237,NULL,0,NULL,0,0,NULL,NULL,0
199292,79159,NULL,8502,NULL,2020-03-26 22:32:05.390,lineAdsFLN17bootstrap,NULL,NULL,AU - Bing Reserve- [AdsFLN17],bootstrapped flight on AdsFLN17,|anuradhn|vborra|,NULL,|Marketplace|,NULL,1,8572908,NULL,0,NULL,0,0,NULL,NULL,0
741011,273122,NULL,17063,NULL,2025-07-21 17:21:52.890,anshulmittal,682327,NULL,[UMV4] [APAC] BiDR 64p64 [v3],NULL,|anshulmittal|lakshyakumar|,|Selection|,|Selection|,NULL,1,13855209,NULL,0,NULL,0,0,NULL,NULL,0
741009,273120,NULL,17063,NULL,2025-07-21 17:21:43.497,anshulmittal,682327,NULL,[UMV4] [APAC] BiDR 64p64 [v1],NULL,|anshulmittal|lakshyakumar|,|Selection|,|Selection|,NULL,1,13855203,NULL,0,NULL,0,0,NULL,NULL,0
741010,273121,NULL,17063,NULL,2025-07-21 17:21:48.677,anshulmittal,682327,NULL,[UMV4] [APAC] BiDR 64p64 [v2],NULL,|anshulmittal|lakshyakumar|,|Selection|,|Selection|,NULL,1,13855206,NULL,0,NULL,0,0,NULL,NULL,0
731875,270026,NULL,684,NULL,2025-06-05 22:33:28.880,weluo,728912,NULL,CQC 9k sort,NULL,|weluo|damao|chaoyl|,,|Product Ads|Selection|,NULL,1,13756525,NULL,0,NULL,0,0,NULL,NULL,0
56297,1750,NULL,684,NULL,2016-09-27 21:23:23.960,kriche,2306,8129,AdsFLN1 MS en-us PC Catch All,AdsFLN1 MS en-us PC Catch All,|anuradhn|,|No-AutoRevert|,|Marketplace|,NULL,1,2930804,NULL,0,NULL,0,0,NULL,NULL,0
8129,1750,NULL,684,NULL,2014-10-22 20:59:39.477,anuradhn,2306,6599,AdsFLN1 MS en-us PC Catch All,AdsFLN1 MS en-us PC Catch All,|anuradhn|,,|Marketplace|,NULL,1,1866659,NULL,0,NULL,0,0,NULL,NULL,0
6599,1750,NULL,684,NULL,2014-10-01 20:02:06.000,trhabe,2306,2314,AdsFLN1 MS en-us PC Catch All,AdsFLN1 MS en-us PC Catch All,|anuradhn|,,NULL,NULL,1,1848994,NULL,0,NULL,0,0,NULL,NULL,0
2314,1750,NULL,684,NULL,2014-07-15 10:08:08.520,mandg,2306,NULL,AdsFLN1 MS en-us PC Catch All,AdsFLN1 MS en-us PC Catch All,|mandg|,,NULL,NULL,1,1799030,NULL,0,NULL,0,0,NULL,NULL,0
741003,273117,NULL,135,NULL,2025-07-21 16:44:21.870,aggarwalsa,739073,NULL,[FLN0] [EMEA] [Optimized] GPT4o TA Relevance Refresh V2.0 [Cand #3] + Tuning,NULL,|aggarwalsa|rahulragesh|,,|Relevance|,NULL,1,13855115,NULL,0,NULL,0,0,NULL,NULL,0
741002,273116,NULL,135,NULL,2025-07-21 16:44:00.723,aggarwalsa,739073,NULL,[FLN0] [EMEA] [Optimized] GPT4o TA Relevance Refresh V2.0 [Cand #2] + Tuning,NULL,|aggarwalsa|rahulragesh|,,|Relevance|,NULL,1,13855111,NULL,0,NULL,0,0,NULL,NULL,0
740942,272953,NULL,135,NULL,2025-07-21 10:09:56.163,aggarwalsa,739167,740249,[FLN0] [EMEA] [Optimized] GPT4o TA Relevance Refresh V2.0 + L3 SLM Combo + Tuning [Cand #3],NULL,|aggarwalsa|rahulragesh|,,|Relevance|,NULL,1,13854189,NULL,0,NULL,0,0,NULL,NULL,0
740941,272952,NULL,135,NULL,2025-07-21 10:09:19.970,aggarwalsa,739167,740248,[FLN0] [EMEA] [Optimized] GPT4o TA Relevance Refresh V2.0 + L3 SLM Combo + Tuning [Cand #2],NULL,|aggarwalsa|rahulragesh|,,|Relevance|,NULL,1,13854188,NULL,0,NULL,0,0,NULL,NULL,0
740940,272951,NULL,135,NULL,2025-07-21 10:08:42.553,aggarwalsa,739167,740247,[FLN0] [EMEA] [Optimized] GPT4o TA Relevance Refresh V2.0 + L3 SLM Combo + Tuning [Cand #1],NULL,|aggarwalsa|rahulragesh|,,|Relevance|,NULL,1,13854186,NULL,0,NULL,0,0,NULL,NULL,0
740249,272953,NULL,135,NULL,2025-07-18 17:04:49.823,aggarwalsa,739167,NULL," [FLN0] [EMEA] [Optimized] GPT4o TA Relevance Refresh V2.0 + L3 SLM Combo + Tuning3",NULL,|aggarwalsa|rahulragesh|,,|Relevance|,NULL,1,13849495,NULL,0,NULL,0,0,NULL,NULL,0
740248,272952,NULL,135,NULL,2025-07-18 17:04:41.387,aggarwalsa,739167,NULL," [FLN0] [EMEA] [Optimized] GPT4o TA Relevance Refresh V2.0 + L3 SLM Combo + Tuning2",NULL,|aggarwalsa|rahulragesh|,,|Relevance|,NULL,1,13849491,NULL,0,NULL,0,0,NULL,NULL,0
740247,272951,NULL,135,NULL,2025-07-18 17:04:31.993,aggarwalsa,739167,NULL," [FLN0] [EMEA] [Optimized] GPT4o TA Relevance Refresh V2.0 + L3 SLM Combo + Tuning1",NULL,|aggarwalsa|rahulragesh|,,|Relevance|,NULL,1,13849487,NULL,0,NULL,0,0,NULL,NULL,0
739171,272621,NULL,135,NULL,2025-07-14 09:52:47.683,rahulragesh,739167,NULL,[FLN0] [EMEA] [Optimized] GPT4o TA Relevance Refresh V2.0 + L3 SLM Combo,[FLN0] [EMEA] [Optimized] GPT4o TA Relevance Refresh V2.0 + L3 SLM Combo,|rahulragesh|aggarwalsa|xigeng|,|Relevance|,|Relevance|,NULL,1,13837889,NULL,0,NULL,0,0,NULL,NULL,0
739167,272153,NULL,135,NULL,2025-07-14 09:50:38.090,rahulragesh,730450,739159," [FLN0] [EMEA] [Optimized] GPT4o TA Relevance Refresh V2.0 + L3 SLM Combo + Tuning"," [FLN0] [EMEA] [Optimized] GPT4o TA Relevance Refresh V2.0 + L3 SLM Combo + Tuning",|aggarwalsa|rahulragesh|xigeng|,,|Relevance|,NULL,1,13837878,NULL,0,NULL,0,0,NULL,NULL,0
739159,272153,NULL,135,NULL,2025-07-14 09:46:26.267,rahulragesh,730450,737704," [FLN0] [EMEA] [Optimized] GPT4o TA Relevance Refresh V2.0 + L3 SLM Combo"," [FLN0] [EMEA] [Optimized] GPT4o TA Relevance Refresh V2.0 + L3 SLM Combo",|aggarwalsa|rahulragesh|xigeng|,,|Relevance|,NULL,1,13837860,NULL,0,NULL,0,0,NULL,NULL,0
739073,269504,NULL,135,NULL,2025-07-14 08:40:17.663,rahulragesh,728672,730450,[FLN0] [EMEA] [Optimized] GPT4o TA Relevance Refresh V2.0 [Cand #1] + Tuning,[FLN0] [EMEA] [Optimized] GPT4o TA Relevance Refresh V2.0 [Cand #1] + Tuning,|arupr|rahulragesh|,,|RAP|,NULL,1,13837721,NULL,0,NULL,0,0,NULL,NULL,0
739072,272609,NULL,135,NULL,2025-07-14 08:33:03.677,rahulragesh,739064,NULL,[FLN0] [EMEA] [Optimized] GPT4o TA Relevance Refresh V2.0 [Cand #1],[FLN0] [EMEA] [Optimized] GPT4o TA Relevance Refresh V2.0 [Cand #1],|rahulragesh|adityasomani|,,|Relevance|,NULL,1,13837716,NULL,0,NULL,0,0,NULL,NULL,0
737704,272153,NULL,135,NULL,2025-07-07 12:09:25.340,aggarwalsa,730450,737683," [FLN0] [EMEA] GPT4o TA Relevance Refresh V2.0 + L3 SLM Combo",NULL,|aggarwalsa|rahulragesh|xigeng|,,|Relevance|,NULL,1,13823376,NULL,0,NULL,0,0,NULL,NULL,0
737683,272153,NULL,135,NULL,2025-07-07 10:21:40.560,aggarwalsa,730450,NULL," [FLN0] [EMEA] GPT4o TA Relevance Refresh V2.0 + L3 SLM Combo",NULL,|aggarwalsa|rahulragesh|,,|Relevance|,NULL,1,13822966,NULL,0,NULL,0,0,NULL,NULL,0
730450,269504,NULL,135,NULL,2025-05-29 19:49:56.630,arupr,728672,NULL,[FLN0] [EMEA] GPT4o TA Relevance Refresh V2.0 [Cand #1] + Tuning,NULL,|arupr|rahulragesh|,,|RAP|,NULL,1,13738543,NULL,0,NULL,0,0,NULL,NULL,0
648008,565,NULL,135,NULL,2024-07-17 06:31:32.980,nagarkar,NULL,327252,EMEA Bing O&O Reserve,UK Bing Core O&O Reserve,|gopr|gargneha|,|Keep Active|,|Marketplace|,NULL,1,12975132,NULL,0,NULL,0,0,NULL,NULL,0
327252,565,NULL,135,NULL,2021-10-14 04:15:11.663,nagarkar,NULL,195543,EU3 Bing O&O Reserve,UK Bing Core O&O Reserve,|gopr|supriyob|,|Keep Active|,|Marketplace|,NULL,1,10604938,NULL,0,NULL,0,0,NULL,NULL,0
195543,565,NULL,135,NULL,2020-03-19 19:44:40.040,gopr,NULL,106844,UK Bing O&O Reserve,UK Bing Core O&O Reserve,|gopr|supriyob|,|Keep Active|,|Marketplace|,NULL,1,8529351,NULL,0,NULL,0,0,NULL,NULL,0
106844,565,NULL,135,NULL,2018-03-16 05:51:57.220,risingl,NULL,94841,UK Bing O&O Reserve,UK Bing Core O&O Reserve,|ramohan|abrai|,|Keep Active|,|Marketplace|,NULL,1,4907766,NULL,0,NULL,0,0,|||||56801|,NULL,0
94841,565,NULL,135,NULL,2017-11-02 07:14:07.747,abrai,NULL,89463,UK Bing O&O Reserve,UK Bing Core O&O Reserve,|ramohan|abrai|,|Keep Active|,|Marketplace|,NULL,1,4399494,NULL,0,NULL,0,0,NULL,NULL,0
89463,565,NULL,135,NULL,2017-09-26 10:19:11.043,ramohan,NULL,73264,UK Bing O&O Reserve,UK Bing Core O&O Reserve,|ramohan|,|Keep Active|,|Marketplace|,NULL,1,4228256,NULL,0,NULL,0,0,NULL,NULL,0
73264,565,NULL,135,NULL,2017-03-21 05:25:58.950,risingl,NULL,56039,UK Bing O&O Reserve,UK Bing Core O&O Reserve,|ramohan|,|Mainstream|No-AutoRevert|Reserve|,|Marketplace|,NULL,1,3467458,NULL,0,NULL,0,0,NULL,NULL,0
56039,565,NULL,135,NULL,2016-09-27 21:00:53.253,kriche,NULL,42567,UK Bing O&O Reserve,UK Bing Core O&O Reserve,|viveksu|,|Mainstream|Reserve|No-AutoRevert|,|Marketplace|,NULL,1,2930516,NULL,0,NULL,0,0,NULL,NULL,0
42567,565,NULL,135,NULL,2016-03-29 08:30:47.597,viveksu,NULL,29559,UK Bing O&O Reserve,UK Bing Core O&O Reserve,|viveksu|,|Mainstream|Reserve|,|Marketplace|,NULL,1,2530247,NULL,0,NULL,0,0,NULL,NULL,0
29559,565,NULL,135,NULL,2015-09-22 18:43:04.597,ajkasarg,NULL,29558,UK Bing O&O Reserve,UK Bing Core O&O Reserve,|ajkasarg|,|Mainstream|Reserve|,|Marketplace|,NULL,1,2282216,NULL,0,NULL,0,0,NULL,NULL,0
29558,565,NULL,135,NULL,2015-09-22 18:39:10.050,ajkasarg,NULL,5575,UK Bing O&O Reserve - NEW,UK Bing Core O&O Reserve,|ajkasarg|,|Mainstream|Reserve|,|Marketplace|,NULL,1,2282209,NULL,0,NULL,0,0,NULL,NULL,0
5575,565,NULL,135,NULL,2014-09-23 05:21:42.997,ajkasarg,NULL,5446,UK Bing O&O Reserve,UK Bing Core O&O Reserve,|ajkasarg|,|Reserve|Mainstream|,|Marketplace|,NULL,1,1841344,NULL,0,NULL,0,0,NULL,NULL,0
5446,565,NULL,135,NULL,2014-09-22 08:40:56.597,ajkasarg,NULL,4236,UK_Default,UK_Default,|ajkasarg|,|Reserve|Mainstream|,|Marketplace|,NULL,1,1840302,NULL,0,NULL,0,0,NULL,NULL,0
4236,565,NULL,135,NULL,2014-08-28 09:14:39.197,ajkasarg,NULL,4235,UK_Default,UK_Default,|ajkasarg|,|Reserve|,|Marketplace|,NULL,1,1825108,NULL,0,NULL,0,0,NULL,NULL,0
4235,565,NULL,135,NULL,2014-08-28 09:13:42.457,ajkasarg,NULL,4234,UK_Default,UK_Default,|ajkasarg|,|Reserve / Default|,|Marketplace|,NULL,1,1825107,NULL,0,NULL,0,0,NULL,NULL,0
4234,565,NULL,135,NULL,2014-08-28 09:11:48.980,ajkasarg,NULL,565,UK_Default,UK_Default,|ajkasarg|,|Reserve / Default / Pool|,|Marketplace|,NULL,1,1825106,NULL,0,NULL,0,0,NULL,NULL,0
565,565,NULL,135,NULL,2014-06-13 19:09:44.173,bootstrap,NULL,NULL,UK_Default,UK_Default,|ajkasarg|,NULL,|Marketplace|,NULL,1,336449,NULL,0,NULL,0,0,NULL,NULL,0
741008,273119,NULL,3860,273117,2025-07-21 16:50:35.133,aggarwalsa,730457,741005,[FLN10] [EMEA] GPT4o TA Relevance Refresh V2.0 [Cand #3] + Tuning,NULL,|aggarwalsa|rahulragesh|,,|Relevance|,NULL,1,13855142,NULL,0,NULL,0,0,NULL,NULL,0
741005,273119,NULL,3860,NULL,2025-07-21 16:46:46.240,aggarwalsa,730457,NULL,[FLN10] [EMEA] GPT4o TA Relevance Refresh V2.0 [Cand #3] + Tuning,NULL,|aggarwalsa|rahulragesh|,,|Relevance|,NULL,1,13855134,NULL,0,NULL,0,0,NULL,NULL,0
741007,273118,NULL,3860,273116,2025-07-21 16:47:55.367,aggarwalsa,730457,741004,[FLN10] [EMEA] GPT4o TA Relevance Refresh V2.0 [Cand #2] + Tuning,NULL,|aggarwalsa|rahulragesh|,,|Relevance|,NULL,1,13855140,NULL,0,NULL,0,0,NULL,NULL,0
741004,273118,NULL,3860,NULL,2025-07-21 16:46:43.157,aggarwalsa,730457,NULL,[FLN10] [EMEA] GPT4o TA Relevance Refresh V2.0 [Cand #2] + Tuning,NULL,|aggarwalsa|rahulragesh|,,|Relevance|,NULL,1,13855131,NULL,0,NULL,0,0,NULL,NULL,0
741006,261370,NULL,7454,NULL,2025-07-21 16:47:32.440,hayami,392015,706910,"TG 809 No ROER ",NULL,|hayami|kawe|,,|Native Ads|,NULL,0,13855137,NULL,0,NULL,0,0,NULL,NULL,0
706910,261370,NULL,7454,NULL,2025-02-26 22:35:31.770,hayami,392015,NULL,"TG 809 No ROER ",NULL,|hayami|kawe|,,|Native Ads|,NULL,1,13495016,NULL,0,NULL,0,0,NULL,NULL,0
177985,70753,NULL,7454,NULL,2019-11-11 02:41:45.997,divyk,NULL,177799,"Default reserve for traffic group 809, line AdsFLN0","Default reserve for traffic group 526, line AdsFLN0",|sabrinat|saguduru|,|NativeAds|No-AutoRevert|,|Native Ads|,NULL,1,7952803,NULL,0,NULL,0,0,NULL,NULL,0
177799,70753,NULL,7454,NULL,2019-11-08 19:57:49.040,divyk,NULL,NULL,"Default reserve for traffic group 809, line AdsFLN0","Default reserve for traffic group 526, line AdsFLN0",|divyk|,|NativeAds|No-AutoRevert|,|Native Ads|,NULL,1,7942779,NULL,0,NULL,0,0,NULL,NULL,0
741001,273115,NULL,16345,NULL,2025-07-21 16:41:20.583,leshekha,553090,NULL,[TG1255] UMV2 PA RT migration from GoldLeage to DCache,NULL,|leshekha|haeavani|dazhaopan|gopivedantam|,|CP|PA|,|Click Prediction|Product Ads|,NULL,1,13855108,NULL,0,NULL,0,0,NULL,NULL,0
739628,257196,B-281953,1068,NULL,2025-07-16 20:31:55.930,jiyshi,693552,720257," [TG27][FLN5][UB] VG Templates - Cruise Ad cleanup",NULL,|jiyshi|fdupere|,,|Ads Plus|,NULL,1,13843685,NULL,0,NULL,0,0,NULL,NULL,0
720257,257196,B-281953,1068,NULL,2025-04-14 06:37:52.903,System,693552,707778," [TG27][FLN5][UB] VG Templates - Cruise Ad cleanup",NULL,|jiyshi|fdupere|,,|Ads Plus|,NULL,0,13626207,NULL,0,NULL,0,0,NULL,NULL,0
707778,257196,B-281953,1068,NULL,2025-03-04 00:17:02.773,sudhag,693552,705033," [TG27][FLN5][UB] VG Templates - Cruise Ad cleanup",NULL,|jiyshi|fdupere|,,|Ads Plus|,NULL,1,13506675,NULL,0,NULL,0,0,NULL,NULL,0
705033,257196,B-281953,1068,NULL,2025-02-18 14:10:04.530,System,693552,693553," [TG27][FLN5][UB] VG Templates - Cruise Ad cleanup",NULL,|jiyshi|fdupere|,,|Ads Plus|,NULL,0,13476130,NULL,0,NULL,0,0,NULL,NULL,0
693553,257196,B-281953,1068,NULL,2025-01-09 22:16:01.660,jiyshi,693552,NULL," [TG27][FLN5][UB] VG Templates - Cruise Ad cleanup",NULL,|jiyshi|fdupere|,,|Ads Plus|,NULL,1,13381819,NULL,0,NULL,0,0,NULL,NULL,0
739560,272724,NULL,16345,NULL,2025-07-16 07:03:13.167,weizhezhang,553090,NULL,[PA&TA-UMV-NA] Unified PGC IdDnn,[PA&TA-UMV-NA] Unified PGC IdDnn,|weizhezhang|tutan|kawe|,|click prediction|,|Click Prediction|,NULL,1,13842701,NULL,0,NULL,0,0,NULL,NULL,0
728201,268751,NULL,16345,NULL,2025-05-18 06:11:43.817,uermis,553090,NULL,[TG-1255] [UMV2] TopAds Annotation Holdout,Annotation Holdouts,|uermis|anbhutan|,|AdsPlus|,|Ads Plus|,NULL,1,13712621,NULL,0,NULL,0,0,NULL,NULL,0
728200,268750,NULL,16345,NULL,2025-05-18 06:11:28.973,uermis,553090,NULL,[TG-1255] [UMV2] Smart Annotation Holdout,Annotation Holdouts,|uermis|anbhutan|,|AdsPlus|,|Ads Plus|,NULL,1,13712618,NULL,0,NULL,0,0,NULL,NULL,0
567148,208753,NULL,16345,NULL,2023-11-03 07:39:44.177,igorign,553089,553112,Line default for UMV2,Line default for UMV2 PaidSearch,|vborra|anuradhn|,|Keep Active|KeepAlive|No-AutoRevert|,|Marketplace|,NULL,1,12384529,NULL,0,NULL,0,1,NULL,NULL,0
553112,208753,NULL,16345,NULL,2023-09-29 06:18:41.753,vborra,553089,553109,Line default for UMV2,Line default for UMV2 PaidSearch,|vborra|anuradhn|,|No-AutoRevert|,|Marketplace|,NULL,1,12274823,NULL,0,NULL,0,1,NULL,NULL,0
553109,208753,NULL,16345,NULL,2023-09-29 06:17:59.067,vborra,553089,553099,Line default for UMV2,Line default for UMV2 PaidSearch,|vborra|anuradhn|,|No-AutoRevert|,|Marketplace|,NULL,1,12274820,NULL,0,NULL,0,0,NULL,NULL,0
553099,208753,NULL,16345,NULL,2023-09-29 06:14:25.080,vborra,553089,553097,Line default for UMV2 PaidSearch,Line default for UMV2 PaidSearch,|vborra|anuradhn|,|No-AutoRevert|,|Marketplace|,NULL,1,12274792,NULL,0,NULL,0,1,NULL,NULL,0
553097,208753,NULL,16345,NULL,2023-09-29 06:14:15.193,vborra,553089,NULL,Line default for UMV2 PaidSearch,Line default for UMV2 PaidSearch,|vborra|anuradhn|,|No-AutoRevert|,|Marketplace|,NULL,1,12274789,NULL,0,NULL,0,0,NULL,NULL,0
740238,272946,NULL,17053,NULL,2025-07-18 16:28:26.620,zijiaozhang,652911,NULL,Enable AuctionFiltrationRate filtration in DE RAP,NULL,|zijiaozhang|yalarchy|,,|RAP|,NULL,1,13849438,NULL,0,NULL,0,0,NULL,NULL,0
739231,272643,NULL,2350,NULL,2025-07-14 18:28:32.370,zilanchai,57366,NULL,New PA Bid Reserve - tuning on min CPC,NULL,|zilanchai|zljovesk|,,|RAP|,NULL,1,13839572,NULL,0,NULL,0,0,NULL,NULL,0
732681,270377,NULL,2350,NULL,2025-06-11 00:16:15.187,zljovesk,730905,NULL,"New PA bid reserve - 6A [SID3995, sf=0.04, mc=10]",NULL,|zljovesk|zilanchai|,,|Product Ads|RAP|,NULL,1,13766285,NULL,0,NULL,0,0,NULL,NULL,0
59622,16179,NULL,2350,NULL,2016-09-27 21:39:44.553,kriche,NULL,37987,[March] Primary Untied Traffic Reserve - Low MA (EN-US Bing O&O PC)- [AdsFLN4],bootstrapped flight on AdsFLN4 per TG,|igorign|anuradhn|,|No-AutoRevert|,|Marketplace|,NULL,1,2934129,NULL,0,NULL,0,0,NULL,NULL,0
37987,16179,NULL,2350,NULL,2016-02-05 04:25:18.427,lineAdsFLN4bootstrap,NULL,NULL,[March] Primary Untied Traffic Reserve - Low MA (EN-US Bing O&O PC)- [AdsFLN4],bootstrapped flight on AdsFLN4 per TG,|igorign|,NULL,|Marketplace|,NULL,1,2451798,NULL,0,NULL,0,0,NULL,NULL,0
741000,271259,NULL,12821,NULL,2025-07-21 16:20:38.630,digoyal,735208,735226,[TG 1034] PPA Phash treatment,NULL,|yubinzhao|davzh|digoyal|,,|Native Ads|,NULL,1,13855083,btie-phash-ppa-t,0,NULL,0,0,NULL,NULL,0
735226,271259,NULL,12821,NULL,2025-06-24 07:16:19.777,yubinzhao,735208,735217,[TG 1034] PPA Phash treatment,NULL,|yubinzhao|davzh|,,|Native Ads|,NULL,1,13795507,btie-phash-ppa-t,0,NULL,0,0,NULL,NULL,0
735217,271259,NULL,12821,NULL,2025-06-24 06:34:08.220,yubinzhao,735208,NULL,[TG 1034] PPA Phash treatment,NULL,|yubinzhao|davzh|,,|Native Ads|,NULL,1,13795471,NULL,0,NULL,0,0,NULL,NULL,0
740999,271250,NULL,12821,NULL,2025-07-21 16:20:32.840,digoyal,311380,735235,[TG 1034] PPA Phash control,NULL,|yubinzhao|davzh|digoyal|,,|Native Ads|,NULL,1,13855082,btie-phash-ppa-c,0,NULL,0,0,NULL,NULL,0
735235,271250,NULL,12821,NULL,2025-06-24 07:17:15.840,yubinzhao,311380,735208,[TG 1034] PPA Phash control,NULL,|yubinzhao|davzh|,,|Native Ads|,NULL,1,13795525,btie-phash-ppa-c,0,NULL,0,0,NULL,NULL,0
735208,271250,NULL,12821,NULL,2025-06-24 06:27:28.217,yubinzhao,311380,NULL,[TG 1034] PPA Phash control,NULL,|yubinzhao|davzh|,,|Native Ads|,NULL,1,13795442,NULL,0,NULL,0,0,NULL,NULL,0
740998,271260,NULL,13520,NULL,2025-07-21 16:20:26.333,digoyal,735209,735227,[TG 1079] PPA Phash treatment,NULL,|yubinzhao|davzh|digoyal|,,|Native Ads|,NULL,1,13855081,btie-phash-ppa-t,0,NULL,0,0,NULL,NULL,0
735227,271260,NULL,13520,NULL,2025-06-24 07:16:19.867,yubinzhao,735209,735218,[TG 1079] PPA Phash treatment,NULL,|yubinzhao|davzh|,,|Native Ads|,NULL,1,13795509,btie-phash-ppa-t,0,NULL,0,0,NULL,NULL,0
735218,271260,NULL,13520,NULL,2025-06-24 06:34:30.317,yubinzhao,735209,NULL,[TG 1079] PPA Phash treatment,NULL,|yubinzhao|davzh|,,|Native Ads|,NULL,1,13795474,NULL,0,NULL,0,0,NULL,NULL,0
740997,271251,NULL,13520,NULL,2025-07-21 16:20:18.700,digoyal,359136,735236,[TG 1079] PPA Phash control,NULL,|yubinzhao|davzh|digoyal|,,|Native Ads|,NULL,1,13855080,btie-phash-ppa-c,0,NULL,0,0,NULL,NULL,0
735236,271251,NULL,13520,NULL,2025-06-24 07:17:15.930,yubinzhao,359136,735209,[TG 1079] PPA Phash control,NULL,|yubinzhao|davzh|,,|Native Ads|,NULL,1,13795527,btie-phash-ppa-c,0,NULL,0,0,NULL,NULL,0
735209,271251,NULL,13520,NULL,2025-06-24 06:28:13.570,yubinzhao,359136,NULL,[TG 1079] PPA Phash control,NULL,|yubinzhao|davzh|,,|Native Ads|,NULL,1,13795445,NULL,0,NULL,0,0,NULL,NULL,0
740996,271261,NULL,16646,NULL,2025-07-21 16:20:12.470,digoyal,735210,735228,[TG 1267] PPA Phash treatment,NULL,|yubinzhao|davzh|digoyal|,,|Native Ads|,NULL,1,13855079,btie-phash-ppa-t,0,NULL,0,0,NULL,NULL,0
735228,271261,NULL,16646,NULL,2025-06-24 07:16:19.957,yubinzhao,735210,735219,[TG 1267] PPA Phash treatment,NULL,|yubinzhao|davzh|,,|Native Ads|,NULL,1,13795511,btie-phash-ppa-t,0,NULL,0,0,NULL,NULL,0
735219,271261,NULL,16646,NULL,2025-06-24 06:34:49.440,yubinzhao,735210,NULL,[TG 1267] PPA Phash treatment,NULL,|yubinzhao|davzh|,,|Native Ads|,NULL,1,13795477,NULL,0,NULL,0,0,NULL,NULL,0
740995,271252,NULL,16646,NULL,2025-07-21 16:20:03.603,digoyal,560784,735237,[TG 1267] PPA Phash control,NULL,|yubinzhao|davzh|digoyal|,,|Native Ads|,NULL,1,13855078,btie-phash-ppa-c,0,NULL,0,0,NULL,NULL,0
735237,271252,NULL,16646,NULL,2025-06-24 07:17:16.027,yubinzhao,560784,735210,[TG 1267] PPA Phash control,NULL,|yubinzhao|davzh|,,|Native Ads|,NULL,1,13795529,btie-phash-ppa-c,0,NULL,0,0,NULL,NULL,0
735210,271252,NULL,16646,NULL,2025-06-24 06:29:13.483,yubinzhao,560784,NULL,[TG 1267] PPA Phash control,NULL,|yubinzhao|davzh|,,|Native Ads|,NULL,1,13795448,NULL,0,NULL,0,0,NULL,NULL,0
740994,271258,NULL,12764,NULL,2025-07-21 16:19:22.110,digoyal,735207,735225,[TG 1031] PPA Phash treatment,NULL,|yubinzhao|davzh|digoyal|,,|Native Ads|,NULL,1,13855077,btie-phash-ppa-t,0,NULL,0,0,NULL,NULL,0
735225,271258,NULL,12764,NULL,2025-06-24 07:16:19.683,yubinzhao,735207,735216,[TG 1031] PPA Phash treatment,NULL,|yubinzhao|davzh|,,|Native Ads|,NULL,1,13795505,btie-phash-ppa-t,0,NULL,0,0,NULL,NULL,0
735216,271258,NULL,12764,NULL,2025-06-24 06:33:41.810,yubinzhao,735207,NULL,[TG 1031] PPA Phash treatment,NULL,|yubinzhao|davzh|,,|Native Ads|,NULL,1,13795468,NULL,0,NULL,0,0,NULL,NULL,0
740993,271249,NULL,12764,NULL,2025-07-21 16:19:15.540,digoyal,333911,735234,[TG 1031] PPA Phash control,NULL,|yubinzhao|davzh|digoyal|,,|Native Ads|,NULL,1,13855076,btie-phash-ppa-c,0,NULL,0,0,NULL,NULL,0
735234,271249,NULL,12764,NULL,2025-06-24 07:17:15.747,yubinzhao,333911,735207,[TG 1031] PPA Phash control,NULL,|yubinzhao|davzh|,,|Native Ads|,NULL,1,13795523,btie-phash-ppa-c,0,NULL,0,0,NULL,NULL,0
735207,271249,NULL,12764,NULL,2025-06-24 06:26:45.663,yubinzhao,333911,NULL,[TG 1031] PPA Phash control,NULL,|yubinzhao|davzh|,,|Native Ads|,NULL,1,13795439,NULL,0,NULL,0,0,NULL,NULL,0
740992,271248,NULL,10612,NULL,2025-07-21 16:18:55.287,digoyal,331682,735233,[TG 912] PPA Phash control,NULL,|yubinzhao|davzh|digoyal|,,|Native Ads|,NULL,1,13855075,btie-phash-ppa-c,0,NULL,0,0,NULL,NULL,0
735233,271248,NULL,10612,NULL,2025-06-24 07:17:15.657,yubinzhao,331682,735206,[TG 912] PPA Phash control,NULL,|yubinzhao|davzh|,,|Native Ads|,NULL,1,13795521,btie-phash-ppa-c,0,NULL,0,0,NULL,NULL,0
735206,271248,NULL,10612,NULL,2025-06-24 06:25:50.863,yubinzhao,331682,NULL,[TG 912] PPA Phash control,NULL,|yubinzhao|davzh|,,|Native Ads|,NULL,1,13795435,NULL,0,NULL,0,0,NULL,NULL,0
740991,271257,NULL,10612,NULL,2025-07-21 16:18:39.830,digoyal,735206,735224,[TG 912] PPA Phash treatment,NULL,|yubinzhao|davzh|digoyal|,,|Native Ads|,NULL,1,13855074,btie-phash-ppa-t,0,NULL,0,0,NULL,NULL,0
735224,271257,NULL,10612,NULL,2025-06-24 07:16:19.593,yubinzhao,735206,735215,[TG 912] PPA Phash treatment,NULL,|yubinzhao|davzh|,,|Native Ads|,NULL,1,13795503,btie-phash-ppa-t,0,NULL,0,0,NULL,NULL,0
735215,271257,NULL,10612,NULL,2025-06-24 06:33:17.677,yubinzhao,735206,NULL,[TG 912] PPA Phash treatment,NULL,|yubinzhao|davzh|,,|Native Ads|,NULL,1,13795464,NULL,0,NULL,0,0,NULL,NULL,0
740990,271247,NULL,10574,NULL,2025-07-21 16:18:25.153,digoyal,232365,735232,[TG 910] PPA Phash control,NULL,|yubinzhao|davzh|digoyal|,,|Native Ads|,NULL,1,13855073,btie-phash-ppa-c,0,NULL,0,0,NULL,NULL,0
735232,271247,NULL,10574,NULL,2025-06-24 07:17:15.567,yubinzhao,232365,735205,[TG 910] PPA Phash control,NULL,|yubinzhao|davzh|,,|Native Ads|,NULL,1,13795519,btie-phash-ppa-c,0,NULL,0,0,NULL,NULL,0
735205,271247,NULL,10574,NULL,2025-06-24 06:24:48.697,yubinzhao,232365,NULL,[TG 910] PPA Phash control,NULL,|yubinzhao|davzh|,,|Native Ads|,NULL,1,13795431,NULL,0,NULL,0,0,NULL,NULL,0
740989,271256,NULL,10574,NULL,2025-07-21 16:18:14.690,digoyal,735205,735223,[TG 910] PPA Phash treatment,NULL,|yubinzhao|davzh|digoyal|,,|Native Ads|,NULL,1,13855072,btie-phash-ppa-t,0,NULL,0,0,NULL,NULL,0
735223,271256,NULL,10574,NULL,2025-06-24 07:16:19.503,yubinzhao,735205,735214,[TG 910] PPA Phash treatment,NULL,|yubinzhao|davzh|,,|Native Ads|,NULL,1,13795501,btie-phash-ppa-t,0,NULL,0,0,NULL,NULL,0
735214,271256,NULL,10574,NULL,2025-06-24 06:32:54.457,yubinzhao,735205,NULL,[TG 910] PPA Phash treatment,NULL,|yubinzhao|davzh|,,|Native Ads|,NULL,1,13795460,NULL,0,NULL,0,0,NULL,NULL,0
740988,271246,NULL,6176,NULL,2025-07-21 16:17:53.853,digoyal,231140,735231,[TG 726] PPA Phash control,NULL,|yubinzhao|dklock|digoyal|,,|Native Ads|,NULL,1,13855071,btie-phash-ppa-c,0,NULL,0,0,NULL,NULL,0
735231,271246,NULL,6176,NULL,2025-06-24 07:17:15.463,yubinzhao,231140,735204,[TG 726] PPA Phash control,NULL,|yubinzhao|dklock|,,|Native Ads|,NULL,1,13795517,btie-phash-ppa-c,0,NULL,0,0,NULL,NULL,0
735204,271246,NULL,6176,NULL,2025-06-24 06:23:33.297,yubinzhao,231140,NULL,[TG 726] PPA Phash control,NULL,|yubinzhao|dklock|,,|Native Ads|,NULL,1,13795427,NULL,0,NULL,0,0,NULL,NULL,0
740987,271255,NULL,6176,NULL,2025-07-21 16:17:43.410,digoyal,735204,735222,[TG 726] PPA Phash treatment,NULL,|yubinzhao|davzh|digoyal|,,|Native Ads|,NULL,1,13855070,btie-phash-ppa-t,0,NULL,0,0,NULL,NULL,0
735222,271255,NULL,6176,NULL,2025-06-24 07:16:19.413,yubinzhao,735204,735213,[TG 726] PPA Phash treatment,NULL,|yubinzhao|davzh|,,|Native Ads|,NULL,1,13795499,btie-phash-ppa-t,0,NULL,0,0,NULL,NULL,0
735213,271255,NULL,6176,NULL,2025-06-24 06:32:34.737,yubinzhao,735204,NULL,[TG 726] PPA Phash treatment,NULL,|yubinzhao|davzh|,,|Native Ads|,NULL,1,13795457,NULL,0,NULL,0,0,NULL,NULL,0
740986,271245,NULL,1975,NULL,2025-07-21 16:17:15.960,digoyal,257332,735230,[TG 566] PPA Phash control,NULL,|yubinzhao|davzh|digoyal|,,|Native Ads|,NULL,1,13855069,btie-phash-ppa-c,0,NULL,0,0,NULL,NULL,0
735230,271245,NULL,1975,NULL,2025-06-24 07:17:15.373,yubinzhao,257332,735203,[TG 566] PPA Phash control,NULL,|yubinzhao|davzh|,,|Native Ads|,NULL,1,13795515,btie-phash-ppa-c,0,NULL,0,0,NULL,NULL,0
735203,271245,NULL,1975,NULL,2025-06-24 06:22:43.317,yubinzhao,257332,NULL,[TG 566] PPA Phash control,NULL,|yubinzhao|davzh|,,|Native Ads|,NULL,1,13795424,NULL,0,NULL,0,0,NULL,NULL,0
740985,271254,NULL,1975,NULL,2025-07-21 16:17:02.563,digoyal,735203,735221,[TG 566] PPA Phash treatment,NULL,|yubinzhao|davzh|digoyal|,,|Native Ads|,NULL,1,13855068,btie-phash-ppa-t,0,NULL,0,0,NULL,NULL,0
735221,271254,NULL,1975,NULL,2025-06-24 07:16:19.323,yubinzhao,735203,735212,[TG 566] PPA Phash treatment,NULL,|yubinzhao|davzh|,,|Native Ads|,NULL,1,13795497,btie-phash-ppa-t,0,NULL,0,0,NULL,NULL,0
735212,271254,NULL,1975,NULL,2025-06-24 06:32:16.260,yubinzhao,735203,NULL,[TG 566] PPA Phash treatment,NULL,|yubinzhao|davzh|,,|Native Ads|,NULL,1,13795454,NULL,0,NULL,0,0,NULL,NULL,0
740984,271244,NULL,7554,NULL,2025-07-21 16:16:34.837,digoyal,181155,735229,[TG 816] PPA Phash control,NULL,|yubinzhao|dabryant|digoyal|,,|Native Ads|,NULL,1,13855067,btie-phash-ppa-c,0,NULL,0,0,NULL,NULL,0
735229,271244,NULL,7554,NULL,2025-06-24 07:17:15.277,yubinzhao,181155,735202,[TG 816] PPA Phash control,NULL,|yubinzhao|dabryant|,,|Native Ads|,NULL,1,13795513,btie-phash-ppa-c,0,NULL,0,0,NULL,NULL,0
735202,271244,NULL,7554,NULL,2025-06-24 06:21:37.827,yubinzhao,181155,NULL,[TG 816] PPA Phash control,NULL,|yubinzhao|dabryant|,,|Native Ads|,NULL,1,13795421,NULL,0,NULL,0,0,NULL,NULL,0
740983,271253,NULL,7554,NULL,2025-07-21 16:16:13.320,digoyal,735202,735220,[TG 816] PPA Phash treatment,NULL,|yubinzhao|davzh|digoyal|,,|Native Ads|,NULL,1,13855066,btie-phash-ppa-t,0,NULL,0,0,NULL,NULL,0
735220,271253,NULL,7554,NULL,2025-06-24 07:16:18.770,yubinzhao,735202,735211,[TG 816] PPA Phash treatment,NULL,|yubinzhao|davzh|,,|Native Ads|,NULL,1,13795495,btie-phash-ppa-t,0,NULL,0,0,NULL,NULL,0
735211,271253,NULL,7554,NULL,2025-06-24 06:30:38.943,yubinzhao,735202,NULL,[TG 816] PPA Phash treatment,NULL,|yubinzhao|davzh|,,|Native Ads|,NULL,1,13795451,NULL,0,NULL,0,0,NULL,NULL,0
740982,272516,NULL,17051,NULL,2025-07-21 14:29:31.570,sabrinat,646889,738716,[Holdout] TG 1098: Disable Trademark for MSAN,[Holdout] TG 1098: Disable Trademark for MSAN,|sabrinat|saguduru|uoham|akpai|igorign|,,|Native Ads|,NULL,0,13855029,NULL,0,2025-07-25 08:37:04.300,0,0,NULL,NULL,0
738716,272516,NULL,17051,NULL,2025-07-11 08:37:04.487,v-rpayasi,646889,NULL,[Holdout] TG 1098: Disable Trademark for MSAN,[Holdout] TG 1098: Disable Trademark for MSAN,|sabrinat|saguduru|uoham|akpai|igorign|,,|Native Ads|,NULL,1,13833818,NULL,0,2025-07-25 08:37:04.300,0,0,NULL,NULL,0
645609,237650,NULL,17051,NULL,2024-07-08 15:12:15.080,sabrinat,NULL,636856,Reserve Flight for TG 1098 AdsFLN_UberV1,bootstrapped flight on AdsFLN_UberV1,|sabrinat|saguduru|,,|Marketplace|,NULL,1,12952059,NULL,0,NULL,0,0,NULL,NULL,0
636856,237650,NULL,17051,NULL,2024-05-30 02:38:46.540,lineAdsFLN_UberV1-Nativebootstrap,NULL,NULL,Reserve Flight for TG 0- [AdsFLN_UberV1]- [AdsFLN_UberV1]- [AdsFLN_UberV1],bootstrapped flight on AdsFLN_UberV1,|anuradhn|vborra|,NULL,|Marketplace|,NULL,1,12866537,NULL,0,NULL,0,0,NULL,NULL,0
740981,272699,NULL,17051,NULL,2025-07-21 14:29:13.033,sabrinat,646889,739503,[Holdout] 	 Removing Intent Lookup and replacing intent with placeholder Keywords,[Holdout] 	 Removing Intent Lookup and replacing intent with placeholder Keywords,|sabrinat|saguduru|uoham|devpabreja|sutiwar|,|NativeAds|,|Native Ads|,NULL,0,13855026,NULL,0,2025-07-29 19:45:17.477,0,0,NULL,NULL,0
739503,272699,NULL,17051,NULL,2025-07-15 19:45:17.687,uoham,646889,NULL,[Holdout] 	 Removing Intent Lookup and replacing intent with placeholder Keywords,[Holdout] 	 Removing Intent Lookup and replacing intent with placeholder Keywords,|sabrinat|saguduru|uoham|devpabreja|sutiwar|,|NativeAds|,|Native Ads|,NULL,1,13841917,NULL,0,2025-07-29 19:45:17.477,0,0,NULL,NULL,0
706977,261396,NULL,17056,NULL,2025-02-27 03:35:09.067,dongzhejiang,636867,NULL,[UMV4] sel2.1 BiDR,NULL,|dongzhejiang|wuxue|mingzhengli|weihan|,,|Selection|,NULL,1,13495626,NULL,0,NULL,0,0,NULL,NULL,0
740980,273104,NULL,16647,NULL,2025-07-21 12:00:43.530,sabohra,560786,740939,TG- 1267 [MSN] Tied Flights Categoryv2 NativeAds MSN China,TG- 1267 [MSN] Tied Flights Categoryv2 NativeAds MSN China,|sabohra|sabharadwaj|pakuma|puneetmangla|,|ATS|TG-Bot|,|Relevance|,NULL,1,13854792,btie-categoryv2-c,0,NULL,0,0,NULL,NULL,0
740939,273104,NULL,16647,NULL,2025-07-21 09:58:22.327,TG-Bot PME,560786,NULL,TG- 1267 [MSN] Tied Flights Categoryv2 NativeAds MSN China,TG- 1267 [MSN] Tied Flights Categoryv2 NativeAds MSN China,|sabohra|sabharadwaj|pakuma|puneetmangla|,|ATS|TG-Bot|,|Relevance|,NULL,1,13854180,NULL,0,NULL,0,0,NULL,NULL,0
740979,273103,NULL,13521,NULL,2025-07-21 12:00:43.437,sabohra,359138,740938,TG- 1079 [MSN] Tied Flights Categoryv2 NativeAds MSN Rest of APAC,TG- 1079 [MSN] Tied Flights Categoryv2 NativeAds MSN Rest of APAC,|sabohra|sabharadwaj|pakuma|puneetmangla|,|ATS|TG-Bot|,|Relevance|,NULL,1,13854790,btie-categoryv2-c,0,NULL,0,0,NULL,NULL,0
740938,273103,NULL,13521,NULL,2025-07-21 09:57:47.340,TG-Bot PME,359138,NULL,TG- 1079 [MSN] Tied Flights Categoryv2 NativeAds MSN Rest of APAC,TG- 1079 [MSN] Tied Flights Categoryv2 NativeAds MSN Rest of APAC,|sabohra|sabharadwaj|pakuma|puneetmangla|,|ATS|TG-Bot|,|Relevance|,NULL,1,13854176,NULL,0,NULL,0,0,NULL,NULL,0
740978,273102,NULL,12822,NULL,2025-07-21 12:00:43.347,sabohra,311382,740937,TG- 1034 [MSN] Tied Flights Categoryv2 MSN LATAM,TG- 1034 [MSN] Tied Flights Categoryv2 MSN LATAM,|sabohra|sabharadwaj|pakuma|puneetmangla|,|ATS|TG-Bot|,|Relevance|,NULL,1,13854788,btie-categoryv2-c,0,NULL,0,0,NULL,NULL,0
740937,273102,NULL,12822,NULL,2025-07-21 09:57:09.470,TG-Bot PME,311382,NULL,TG- 1034 [MSN] Tied Flights Categoryv2 MSN LATAM,TG- 1034 [MSN] Tied Flights Categoryv2 MSN LATAM,|sabohra|sabharadwaj|pakuma|puneetmangla|,|ATS|TG-Bot|,|Relevance|,NULL,1,13854172,NULL,0,NULL,0,0,NULL,NULL,0
740977,273101,NULL,12765,NULL,2025-07-21 12:00:43.257,sabohra,311045,740936,TG- 1031 [MSN] Tied Flights Categoryv2 MSAN MSN Rest of EMEA,TG- 1031 [MSN] Tied Flights Categoryv2 MSAN MSN Rest of EMEA,|sabohra|sabharadwaj|pakuma|puneetmangla|,|ATS|TG-Bot|,|Relevance|,NULL,1,13854786,btie-categoryv2-c,0,NULL,0,0,NULL,NULL,0
740936,273101,NULL,12765,NULL,2025-07-21 09:56:28.797,TG-Bot PME,311045,NULL,TG- 1031 [MSN] Tied Flights Categoryv2 MSAN MSN Rest of EMEA,TG- 1031 [MSN] Tied Flights Categoryv2 MSAN MSN Rest of EMEA,|sabohra|sabharadwaj|pakuma|puneetmangla|,|ATS|TG-Bot|,|Relevance|,NULL,1,13854168,NULL,0,NULL,0,0,NULL,NULL,0
740976,273100,NULL,10613,NULL,2025-07-21 12:00:43.167,sabohra,232443,740935,TG- 912 [MSN] Tied Flights Categoryv2 Native Ads MSN DE,TG- 912 [MSN] Tied Flights Categoryv2 Native Ads MSN DE,|sabohra|sabharadwaj|pakuma|puneetmangla|,|ATS|TG-Bot|,|Relevance|,NULL,1,13854784,btie-categoryv2-c,0,NULL,0,0,NULL,NULL,0
740935,273100,NULL,10613,NULL,2025-07-21 09:55:47.447,TG-Bot PME,232443,NULL,TG- 912 [MSN] Tied Flights Categoryv2 Native Ads MSN DE,TG- 912 [MSN] Tied Flights Categoryv2 Native Ads MSN DE,|sabohra|sabharadwaj|pakuma|puneetmangla|,|ATS|TG-Bot|,|Relevance|,NULL,1,13854164,NULL,0,NULL,0,0,NULL,NULL,0
740975,273099,NULL,10575,NULL,2025-07-21 12:00:43.073,sabohra,232367,740934,TG- 910 [MSN] Tied Flights Categoryv2 Native Ads MSN FR,TG- 910 [MSN] Tied Flights Categoryv2 Native Ads MSN FR,|sabohra|sabharadwaj|pakuma|puneetmangla|,|ATS|TG-Bot|,|Relevance|,NULL,1,13854782,btie-categoryv2-c,0,NULL,0,0,NULL,NULL,0
740934,273099,NULL,10575,NULL,2025-07-21 09:55:05.400,TG-Bot PME,232367,NULL,TG- 910 [MSN] Tied Flights Categoryv2 Native Ads MSN FR,TG- 910 [MSN] Tied Flights Categoryv2 Native Ads MSN FR,|sabohra|sabharadwaj|pakuma|puneetmangla|,|ATS|TG-Bot|,|Relevance|,NULL,1,13854160,NULL,0,NULL,0,0,NULL,NULL,0
740974,273098,NULL,7555,NULL,2025-07-21 12:00:42.983,sabohra,529613,740933,TG- 816 [MSN] Tied Flights Categoryv2  MSN NorthAmerica,TG- 816 [MSN] Tied Flights Categoryv2  MSN NorthAmerica,|sabohra|sabharadwaj|pakuma|puneetmangla|,|ATS|TG-Bot|,|Relevance|,NULL,1,13854780,btie-categoryv2-c,0,NULL,0,0,NULL,NULL,0
740933,273098,NULL,7555,NULL,2025-07-21 09:54:28.153,TG-Bot PME,529613,NULL,TG- 816 [MSN] Tied Flights Categoryv2  MSN NorthAmerica,TG- 816 [MSN] Tied Flights Categoryv2  MSN NorthAmerica,|sabohra|sabharadwaj|pakuma|puneetmangla|,|ATS|TG-Bot|,|Relevance|,NULL,1,13854156,NULL,0,NULL,0,0,NULL,NULL,0
740973,273097,NULL,6177,NULL,2025-07-21 12:00:42.893,sabohra,130387,740932,TG- 726 [MSN] Tied Flights Categoryv2 MSAN MSN No floor traffic in UK,TG- 726 [MSN] Tied Flights Categoryv2 MSAN MSN No floor traffic in UK,|sabohra|sabharadwaj|pakuma|puneetmangla|,|ATS|TG-Bot|,|Relevance|,NULL,1,13854778,btie-categoryv2-c,0,NULL,0,0,NULL,NULL,0
740932,273097,NULL,6177,NULL,2025-07-21 09:53:47.753,TG-Bot PME,130387,NULL,TG- 726 [MSN] Tied Flights Categoryv2 MSAN MSN No floor traffic in UK,TG- 726 [MSN] Tied Flights Categoryv2 MSAN MSN No floor traffic in UK,|sabohra|sabharadwaj|pakuma|puneetmangla|,|ATS|TG-Bot|,|Relevance|,NULL,1,13854152,NULL,0,NULL,0,0,NULL,NULL,0
740972,273096,NULL,1976,NULL,2025-07-21 12:00:42.797,sabohra,296849,740931,TG- 566 [MSN] Tied Flights Categoryv2 NativeAds MSN AU,TG- 566 [MSN] Tied Flights Categoryv2 NativeAds MSN AU,|sabohra|sabharadwaj|pakuma|puneetmangla|,|ATS|TG-Bot|,|Relevance|,NULL,1,13854776,btie-categoryv2-c,0,NULL,0,0,NULL,NULL,0
740931,273096,NULL,1976,NULL,2025-07-21 09:53:12.283,TG-Bot PME,296849,NULL,TG- 566 [MSN] Tied Flights Categoryv2 NativeAds MSN AU,TG- 566 [MSN] Tied Flights Categoryv2 NativeAds MSN AU,|sabohra|sabharadwaj|pakuma|puneetmangla|,|ATS|TG-Bot|,|Relevance|,NULL,1,13854148,NULL,0,NULL,0,0,NULL,NULL,0
740971,273113,NULL,16647,NULL,2025-07-21 11:59:34.970,sabohra,560786,740953,TG- 1267 [MSN] [ATS] Categoryv2 Treatment NativeAds MSN China,TG- 1267 [MSN] [ATS] Categoryv2 Treatment NativeAds MSN China,|sabohra|sabharadwaj|puneetmangla|pakuma|,|ATS|TG-Bot|,|Relevance|,NULL,1,13854774,btie-categoryv2-t,0,NULL,0,0,NULL,NULL,0
740953,273113,NULL,16647,NULL,2025-07-21 10:18:42.990,TG-Bot PME,560786,NULL,TG- 1267 [MSN] [ATS] Categoryv2 Treatment NativeAds MSN China,TG- 1267 [MSN] [ATS] Categoryv2 Treatment NativeAds MSN China,|sabohra|sabharadwaj|puneetmangla|pakuma|,|ATS|TG-Bot|,|Relevance|,NULL,1,13854224,NULL,0,NULL,0,0,NULL,NULL,0
740970,273112,NULL,13521,NULL,2025-07-21 11:59:34.880,sabohra,359138,740952,TG- 1079 [MSN] [ATS] Categoryv2 Treatment NativeAds MSN Rest of APAC,TG- 1079 [MSN] [ATS] Categoryv2 Treatment NativeAds MSN Rest of APAC,|sabohra|sabharadwaj|puneetmangla|pakuma|,|ATS|TG-Bot|,|Relevance|,NULL,1,13854772,btie-categoryv2-t,0,NULL,0,0,NULL,NULL,0
740952,273112,NULL,13521,NULL,2025-07-21 10:18:08.180,TG-Bot PME,359138,NULL,TG- 1079 [MSN] [ATS] Categoryv2 Treatment NativeAds MSN Rest of APAC,TG- 1079 [MSN] [ATS] Categoryv2 Treatment NativeAds MSN Rest of APAC,|sabohra|sabharadwaj|puneetmangla|pakuma|,|ATS|TG-Bot|,|Relevance|,NULL,1,13854220,NULL,0,NULL,0,0,NULL,NULL,0
740969,273111,NULL,12822,NULL,2025-07-21 11:59:34.793,sabohra,311382,740951,TG- 1034 [MSN] [ATS] Categoryv2 Treatment MSN LATAM,TG- 1034 [MSN] [ATS] Categoryv2 Treatment MSN LATAM,|sabohra|sabharadwaj|puneetmangla|pakuma|,|ATS|TG-Bot|,|Relevance|,NULL,1,13854770,btie-categoryv2-t,0,NULL,0,0,NULL,NULL,0
740951,273111,NULL,12822,NULL,2025-07-21 10:17:30.160,TG-Bot PME,311382,NULL,TG- 1034 [MSN] [ATS] Categoryv2 Treatment MSN LATAM,TG- 1034 [MSN] [ATS] Categoryv2 Treatment MSN LATAM,|sabohra|sabharadwaj|puneetmangla|pakuma|,|ATS|TG-Bot|,|Relevance|,NULL,1,13854216,NULL,0,NULL,0,0,NULL,NULL,0
740968,273110,NULL,12765,NULL,2025-07-21 11:59:34.703,sabohra,311045,740950,TG- 1031 [MSN] [ATS] Categoryv2 Treatment MSAN MSN Rest of EMEA,TG- 1031 [MSN] [ATS] Categoryv2 Treatment MSAN MSN Rest of EMEA,|sabohra|sabharadwaj|puneetmangla|pakuma|,|ATS|TG-Bot|,|Relevance|,NULL,1,13854768,btie-categoryv2-t,0,NULL,0,0,NULL,NULL,0
740950,273110,NULL,12765,NULL,2025-07-21 10:16:49.663,TG-Bot PME,311045,NULL,TG- 1031 [MSN] [ATS] Categoryv2 Treatment MSAN MSN Rest of EMEA,TG- 1031 [MSN] [ATS] Categoryv2 Treatment MSAN MSN Rest of EMEA,|sabohra|sabharadwaj|puneetmangla|pakuma|,|ATS|TG-Bot|,|Relevance|,NULL,1,13854212,NULL,0,NULL,0,0,NULL,NULL,0
740967,273109,NULL,10613,NULL,2025-07-21 11:59:34.613,sabohra,232443,740949,TG- 912 [MSN] [ATS] Categoryv2 Treatment Native Ads MSN DE,TG- 912 [MSN] [ATS] Categoryv2 Treatment Native Ads MSN DE,|sabohra|sabharadwaj|puneetmangla|pakuma|,|ATS|TG-Bot|,|Relevance|,NULL,1,13854766,btie-categoryv2-t,0,NULL,0,0,NULL,NULL,0
740949,273109,NULL,10613,NULL,2025-07-21 10:16:08.250,TG-Bot PME,232443,NULL,TG- 912 [MSN] [ATS] Categoryv2 Treatment Native Ads MSN DE,TG- 912 [MSN] [ATS] Categoryv2 Treatment Native Ads MSN DE,|sabohra|sabharadwaj|puneetmangla|pakuma|,|ATS|TG-Bot|,|Relevance|,NULL,1,13854208,NULL,0,NULL,0,0,NULL,NULL,0
740966,273108,NULL,10575,NULL,2025-07-21 11:59:34.523,sabohra,232367,740948,TG- 910 [MSN] [ATS] Categoryv2 Treatment Native Ads MSN FR,TG- 910 [MSN] [ATS] Categoryv2 Treatment Native Ads MSN FR,|sabohra|sabharadwaj|puneetmangla|pakuma|,|ATS|TG-Bot|,|Relevance|,NULL,1,13854764,btie-categoryv2-t,0,NULL,0,0,NULL,NULL,0
740948,273108,NULL,10575,NULL,2025-07-21 10:15:25.583,TG-Bot PME,232367,NULL,TG- 910 [MSN] [ATS] Categoryv2 Treatment Native Ads MSN FR,TG- 910 [MSN] [ATS] Categoryv2 Treatment Native Ads MSN FR,|sabohra|sabharadwaj|puneetmangla|pakuma|,|ATS|TG-Bot|,|Relevance|,NULL,1,13854204,NULL,0,NULL,0,0,NULL,NULL,0
740965,273107,NULL,7555,NULL,2025-07-21 11:59:34.433,sabohra,529613,740947,TG- 816 [MSN] [ATS] Categoryv2 Treatment  MSN NorthAmerica,TG- 816 [MSN] [ATS] Categoryv2 Treatment  MSN NorthAmerica,|sabohra|sabharadwaj|puneetmangla|pakuma|,|ATS|TG-Bot|,|Relevance|,NULL,1,13854762,btie-categoryv2-t,0,NULL,0,0,NULL,NULL,0
740947,273107,NULL,7555,NULL,2025-07-21 10:14:48.540,TG-Bot PME,529613,NULL,TG- 816 [MSN] [ATS] Categoryv2 Treatment  MSN NorthAmerica,TG- 816 [MSN] [ATS] Categoryv2 Treatment  MSN NorthAmerica,|sabohra|sabharadwaj|puneetmangla|pakuma|,|ATS|TG-Bot|,|Relevance|,NULL,1,13854200,NULL,0,NULL,0,0,NULL,NULL,0
740964,273106,NULL,6177,NULL,2025-07-21 11:59:34.343,sabohra,130387,740946,TG- 726 [MSN] [ATS] Categoryv2 Treatment MSAN MSN No floor traffic in UK,TG- 726 [MSN] [ATS] Categoryv2 Treatment MSAN MSN No floor traffic in UK,|sabohra|sabharadwaj|puneetmangla|pakuma|,|ATS|TG-Bot|,|Relevance|,NULL,1,13854760,btie-categoryv2-t,0,NULL,0,0,NULL,NULL,0
740946,273106,NULL,6177,NULL,2025-07-21 10:14:07.970,TG-Bot PME,130387,NULL,TG- 726 [MSN] [ATS] Categoryv2 Treatment MSAN MSN No floor traffic in UK,TG- 726 [MSN] [ATS] Categoryv2 Treatment MSAN MSN No floor traffic in UK,|sabohra|sabharadwaj|puneetmangla|pakuma|,|ATS|TG-Bot|,|Relevance|,NULL,1,13854196,NULL,0,NULL,0,0,NULL,NULL,0
740963,273105,NULL,1976,NULL,2025-07-21 11:59:34.253,sabohra,296849,740945,TG- 566 [MSN] [ATS] Categoryv2 Treatment NativeAds MSN AU,TG- 566 [MSN] [ATS] Categoryv2 Treatment NativeAds MSN AU,|sabohra|sabharadwaj|puneetmangla|pakuma|,|ATS|TG-Bot|,|Relevance|,NULL,1,13854758,btie-categoryv2-t,0,NULL,0,0,NULL,NULL,0
740945,273105,NULL,1976,NULL,2025-07-21 10:13:33.013,TG-Bot PME,296849,NULL,TG- 566 [MSN] [ATS] Categoryv2 Treatment NativeAds MSN AU,TG- 566 [MSN] [ATS] Categoryv2 Treatment NativeAds MSN AU,|sabohra|sabharadwaj|puneetmangla|pakuma|,|ATS|TG-Bot|,|Relevance|,NULL,1,13854192,NULL,0,NULL,0,0,NULL,NULL,0
740962,272966,NULL,16647,NULL,2025-07-21 11:56:27.833,marloncalvo,560786,740267,TG1267: Brand Suitability Infeed SSR Unsafe Treatment,TG1267: Brand Suitability Infeed SSR Unsafe Treatment,|marloncalvo|cinashp|,|NativeAds|TG-Bot|,|Native Ads|,NULL,1,13854756,btie-bsinfeed-t1,0,NULL,0,0,NULL,NULL,0
740267,272966,NULL,16647,NULL,2025-07-18 19:34:50.973,TG-Bot PME,560786,NULL,TG1267: Brand Suitability Infeed SSR Unsafe Treatment,TG1267: Brand Suitability Infeed SSR Unsafe Treatment,|marloncalvo|cinashp|,|NativeAds|TG-Bot|,|Native Ads|,NULL,1,13850268,NULL,0,NULL,0,0,NULL,NULL,0
740961,272965,NULL,13521,NULL,2025-07-21 11:56:27.743,marloncalvo,359138,740266,TG1079: Brand Suitability Infeed SSR Unsafe Treatment,TG1079: Brand Suitability Infeed SSR Unsafe Treatment,|marloncalvo|cinashp|,|NativeAds|TG-Bot|,|Native Ads|,NULL,1,13854754,btie-bsinfeed-t1,0,NULL,0,0,NULL,NULL,0
740266,272965,NULL,13521,NULL,2025-07-18 19:34:17.173,TG-Bot PME,359138,NULL,TG1079: Brand Suitability Infeed SSR Unsafe Treatment,TG1079: Brand Suitability Infeed SSR Unsafe Treatment,|marloncalvo|cinashp|,|NativeAds|TG-Bot|,|Native Ads|,NULL,1,13850264,NULL,0,NULL,0,0,NULL,NULL,0
740960,272964,NULL,12822,NULL,2025-07-21 11:56:27.653,marloncalvo,311382,740265,TG1034: Brand Suitability Infeed SSR Unsafe Treatment,TG1034: Brand Suitability Infeed SSR Unsafe Treatment,|marloncalvo|cinashp|,|NativeAds|TG-Bot|,|Native Ads|,NULL,1,13854752,btie-bsinfeed-t1,0,NULL,0,0,NULL,NULL,0
740265,272964,NULL,12822,NULL,2025-07-18 19:33:41.363,TG-Bot PME,311382,NULL,TG1034: Brand Suitability Infeed SSR Unsafe Treatment,TG1034: Brand Suitability Infeed SSR Unsafe Treatment,|marloncalvo|cinashp|,|NativeAds|TG-Bot|,|Native Ads|,NULL,1,13850260,NULL,0,NULL,0,0,NULL,NULL,0
740959,272963,NULL,12765,NULL,2025-07-21 11:56:27.563,marloncalvo,311045,740264,TG1031: Brand Suitability Infeed SSR Unsafe Treatment,TG1031: Brand Suitability Infeed SSR Unsafe Treatment,|marloncalvo|cinashp|,|NativeAds|TG-Bot|,|Native Ads|,NULL,1,13854750,btie-bsinfeed-t1,0,NULL,0,0,NULL,NULL,0
740264,272963,NULL,12765,NULL,2025-07-18 19:33:04.870,TG-Bot PME,311045,NULL,TG1031: Brand Suitability Infeed SSR Unsafe Treatment,TG1031: Brand Suitability Infeed SSR Unsafe Treatment,|marloncalvo|cinashp|,|NativeAds|TG-Bot|,|Native Ads|,NULL,1,13850256,NULL,0,NULL,0,0,NULL,NULL,0
740958,272962,NULL,10575,NULL,2025-07-21 11:56:27.470,marloncalvo,232367,740263,TG910: Brand Suitability Infeed SSR Unsafe Treatment,TG910: Brand Suitability Infeed SSR Unsafe Treatment,|marloncalvo|cinashp|,|NativeAds|TG-Bot|,|Native Ads|,NULL,1,13854748,btie-bsinfeed-t1,0,NULL,0,0,NULL,NULL,0
740263,272962,NULL,10575,NULL,2025-07-18 19:32:27.877,TG-Bot PME,232367,NULL,TG910: Brand Suitability Infeed SSR Unsafe Treatment,TG910: Brand Suitability Infeed SSR Unsafe Treatment,|marloncalvo|cinashp|,|NativeAds|TG-Bot|,|Native Ads|,NULL,1,13850252,NULL,0,NULL,0,0,NULL,NULL,0
740957,272961,NULL,7555,NULL,2025-07-21 11:56:27.380,marloncalvo,529613,740262,TG816: Brand Suitability Infeed SSR Unsafe Treatment,TG816: Brand Suitability Infeed SSR Unsafe Treatment,|marloncalvo|cinashp|,|NativeAds|TG-Bot|,|Native Ads|,NULL,1,13854746,btie-bsinfeed-t1,0,NULL,0,0,NULL,NULL,0
740262,272961,NULL,7555,NULL,2025-07-18 19:31:52.197,TG-Bot PME,529613,NULL,TG816: Brand Suitability Infeed SSR Unsafe Treatment,TG816: Brand Suitability Infeed SSR Unsafe Treatment,|marloncalvo|cinashp|,|NativeAds|TG-Bot|,|Native Ads|,NULL,1,13850248,NULL,0,NULL,0,0,NULL,NULL,0
740956,272960,NULL,6177,NULL,2025-07-21 11:56:27.283,marloncalvo,130387,740261,TG726: Brand Suitability Infeed SSR Unsafe Treatment,TG726: Brand Suitability Infeed SSR Unsafe Treatment,|marloncalvo|cinashp|,|NativeAds|TG-Bot|,|Native Ads|,NULL,1,13854744,btie-bsinfeed-t1,0,NULL,0,0,NULL,NULL,0
740261,272960,NULL,6177,NULL,2025-07-18 19:31:15.627,TG-Bot PME,130387,NULL,TG726: Brand Suitability Infeed SSR Unsafe Treatment,TG726: Brand Suitability Infeed SSR Unsafe Treatment,|marloncalvo|cinashp|,|NativeAds|TG-Bot|,|Native Ads|,NULL,1,13850244,NULL,0,NULL,0,0,NULL,NULL,0
740955,272959,NULL,1976,NULL,2025-07-21 11:56:27.190,marloncalvo,296849,740260,TG566: Brand Suitability Infeed SSR Unsafe Treatment,TG566: Brand Suitability Infeed SSR Unsafe Treatment,|marloncalvo|cinashp|,|NativeAds|TG-Bot|,|Native Ads|,NULL,1,13854742,btie-bsinfeed-t1,0,NULL,0,0,NULL,NULL,0
740260,272959,NULL,1976,NULL,2025-07-18 19:30:41.910,TG-Bot PME,296849,NULL,TG566: Brand Suitability Infeed SSR Unsafe Treatment,TG566: Brand Suitability Infeed SSR Unsafe Treatment,|marloncalvo|cinashp|,|NativeAds|TG-Bot|,|Native Ads|,NULL,1,13850238,NULL,0,NULL,0,0,NULL,NULL,0
740954,273114,NULL,3897,NULL,2025-07-21 11:29:10.053,bazilahmed,652789,NULL,[TG70] Global Axia Model,NULL,|bazilahmed|arupr|,,|RAP|,NULL,1,13854738,NULL,0,NULL,0,0,NULL,NULL,0
698057,258211,NULL,16606,NULL,2025-01-23 18:04:35.393,mavachha,698056,NULL,[EMEA] [Uber] QK Plato V7 #3,[EMEA] [Uber] QK Plato V7 #3,|mavachha|pamalhotra|,|Relevance|,|Relevance|,NULL,1,13410545,NULL,0,NULL,0,0,NULL,NULL,0
740787,273071,NULL,3860,NULL,2025-07-21 06:27:32.380,v-umeshyadav,648021,NULL,DAP_Bitdefender_GB,NULL,|v-umeshyadav|v-kmankar|,|RAP|,|RAP|,NULL,1,13853792,NULL,0,NULL,0,0,NULL,NULL,0
731636,269907,NULL,16619,NULL,2025-06-04 10:20:32.430,devysingh,554805,NULL,[TG1263][UMV1] APAC VA + PPA pClick params parity with JP,[TG1263][UMV1] APAC VA + PPA pClick params parity with JP,|devysingh|rabalas|peiwang|moazharu|,|click prediction|,|Click Prediction|,NULL,1,13752269,NULL,0,NULL,0,0,NULL,NULL,0
554804,209612,NULL,16619,NULL,2023-10-03 18:00:20.197,sdrona,554021,NULL,"Default reserve for traffic group 1263, line AdsFLN_UMV1",bootstrapped flight on AdsFLN_UMV1,|sdrona|,,|Marketplace|,NULL,1,12285707,NULL,0,NULL,0,0,NULL,NULL,0
740944,272955,NULL,135,NULL,2025-07-21 10:10:52.380,aggarwalsa,739167,740251,[FLN0] [EMEA] [Optimized] GPT4o TA Relevance Refresh V2.0 + L3 SLM Combo + Tuning [Cand #5],NULL,|aggarwalsa|rahulragesh|,,|Relevance|,NULL,1,13854191,NULL,0,NULL,0,0,NULL,NULL,0
740251,272955,NULL,135,NULL,2025-07-18 17:05:07.440,aggarwalsa,739167,NULL," [FLN0] [EMEA] [Optimized] GPT4o TA Relevance Refresh V2.0 + L3 SLM Combo + Tuning5",NULL,|aggarwalsa|rahulragesh|,,|Relevance|,NULL,1,13849503,NULL,0,NULL,0,0,NULL,NULL,0
